Currency,Date,Closing Price (USD),24h Open (USD),24h High (USD),24h Low (USD)
ETH,01/07/2019,293.5303669,314.0430714,323.4377604,288.3884115
ETH,02/07/2019,289.4528415,293.5804698,301.5106445,279.0722498
ETH,03/07/2019,291.4472478,289.4603019,296.4545036,271.7342248
ETH,04/07/2019,301.4034854,290.8884029,301.9217879,289.2267636
ETH,05/07/2019,293.1470523,301.3994332,303.5310501,291.8720501
ETH,06/07/2019,288.0914836,282.6740531,294.7659627,280.1610757
ETH,07/07/2019,287.2026911,288.0669655,298.0285586,285.4018286
ETH,08/07/2019,305.7988739,287.1971907,310.9137476,284.6029072
ETH,09/07/2019,313.7779112,305.8018718,314.0525399,302.1802774
ETH,10/07/2019,307.7689029,313.7816514,318.0989307,303.4367113
ETH,11/07/2019,289.1743327,308.3446294,314.5001382,281.7234312
ETH,12/07/2019,267.7342738,289.1801623,289.5746751,262.2146591
ETH,13/07/2019,274.6791842,267.7391335,278.9355042,266.0516817
ETH,14/07/2019,267.2689248,275.5647266,275.8469261,262.2602163
ETH,15/07/2019,236.8879114,269.5569639,270.0059583,230.1213864
ETH,16/07/2019,233.0681671,236.8410261,236.8523171,203.8575386
ETH,17/07/2019,200.2220044,233.075819,234.7755554,190.9829445
ETH,18/07/2019,212.2264798,200.2471556,219.7023792,192.4903855
ETH,19/07/2019,224.2387597,211.0360478,226.8850923,206.3666628
ETH,20/07/2019,219.6537524,224.2296353,230.0290444,213.7376459
ETH,21/07/2019,233.1300975,221.0188231,235.7427034,220.4459499
ETH,22/07/2019,225.0877738,233.1174588,234.7287712,217.4643024
ETH,23/07/2019,215.9390349,225.0844931,228.5309067,211.9388611
ETH,24/07/2019,215.5549595,215.9336514,218.9315696,208.5010151
ETH,25/07/2019,215.066558,212.432693,218.027393,201.3905447
ETH,26/07/2019,219.6820637,215.080531,225.5042289,214.8451667
ETH,27/07/2019,217.9143663,219.6669342,220.4622074,212.8870365
ETH,28/07/2019,206.3915854,217.9173501,223.8310754,203.0215743
ETH,29/07/2019,207.3703542,207.3419251,211.3757093,198.1438393
ETH,30/07/2019,211.6551177,211.384044,215.0349629,206.4738276
ETH,31/07/2019,210.0807134,211.6403353,213.9247065,204.8359459
ETH,01/08/2019,216.085927,210.0865878,218.0994618,209.4857311
ETH,02/08/2019,217.3123969,216.0811055,219.2952421,210.786577
ETH,03/08/2019,217.5168016,217.3149634,222.6266434,214.9062998
ETH,04/08/2019,222.1538141,217.5083335,224.3458012,216.8259948
ETH,05/08/2019,222.5023179,222.1758347,223.5262997,217.5653394
ETH,06/08/2019,233.0314056,222.5217636,236.5009297,222.0768086
ETH,07/08/2019,224.5440763,233.0398844,239.247579,222.8415379
ETH,08/08/2019,225.6844684,224.5519475,230.9854118,220.9042766
ETH,09/08/2019,219.2096428,225.6607662,226.6140002,215.245828
ETH,10/08/2019,209.1745628,220.9738876,221.4198018,206.5950705
ETH,11/08/2019,205.9151552,209.1752909,214.3848177,201.6468837
ETH,12/08/2019,214.8954808,206.0072576,216.1195111,205.6597807
ETH,13/08/2019,211.3484238,214.8925889,216.6276584,209.5413326
ETH,14/08/2019,206.9961675,211.3496171,211.3618795,203.4689062
ETH,15/08/2019,189.687623,208.7236345,208.9678049,181.9398753
ETH,16/08/2019,187.9278393,189.6936325,189.9109918,180.0358101
ETH,17/08/2019,185.9325033,188.1461935,188.1461935,178.3066536
ETH,18/08/2019,186.3736191,185.9494955,186.572749,182.2122054
ETH,19/08/2019,194.7744371,185.6367733,197.9024857,183.3606365
ETH,20/08/2019,200.6583914,194.7750047,202.8551121,193.0932168
ETH,21/08/2019,198.1378702,200.6585986,203.5303106,194.9857252
ETH,22/08/2019,184.8960218,198.1406678,198.2963584,180.5554796
ETH,23/08/2019,193.7319852,184.8933109,195.0971625,182.8136615
ETH,24/08/2019,193.9669059,190.6748553,196.3663188,188.6423055
ETH,25/08/2019,190.798504,194.0346257,194.2765907,186.2781652
ETH,26/08/2019,186.1119315,190.8039604,192.5964582,183.1354369
ETH,27/08/2019,188.0709594,186.8025598,194.0876922,185.8345895
ETH,28/08/2019,185.7509883,188.0587574,189.181218,184.7450818
ETH,29/08/2019,174.0590163,187.1406594,188.0544013,166.3943474
ETH,30/08/2019,168.961462,174.0616853,174.0883113,163.9105753
ETH,31/08/2019,168.6898906,168.9515702,170.3022489,165.7575073
ETH,01/09/2019,172.8455754,168.5187353,174.9729731,166.0265663
ETH,02/09/2019,172.0143992,172.8261603,173.5498796,168.110354
ETH,03/09/2019,178.4059547,172.0213348,181.0235305,170.5520437
ETH,04/09/2019,180.3972338,178.6012016,183.046488,175.1707108
ETH,05/09/2019,174.3697252,180.3998344,180.703478,173.4475722
ETH,06/09/2019,174.9847095,174.3779948,175.5946978,169.7753623
ETH,07/09/2019,169.1709225,174.998372,178.3285079,165.452909
ETH,08/09/2019,178.6452352,169.1518813,181.0204533,168.7406681
ETH,09/09/2019,181.445454,178.2157073,184.2881895,177.1594463
ETH,10/09/2019,182.2717701,181.4413664,185.4540334,176.2742855
ETH,11/09/2019,179.4033829,182.2687224,184.5444279,176.9743
ETH,12/09/2019,178.3436659,179.9270524,182.512877,174.4060047
ETH,13/09/2019,181.2873036,178.3473136,182.5456221,176.8659888
ETH,14/09/2019,180.7958504,181.2892051,181.4556501,177.8017549
ETH,15/09/2019,187.4962298,180.7985023,188.6503457,179.9538264
ETH,16/09/2019,188.7210222,188.6049837,190.6841347,186.1629628
ETH,17/09/2019,197.7618966,189.45948,199.7446388,188.5793541
ETH,18/09/2019,211.8446526,197.7609893,215.1567035,196.4356548
ETH,19/09/2019,211.7686705,211.82585,217.7314461,207.223138
ETH,20/09/2019,220.4508762,210.2545682,224.0578836,202.4375992
ETH,21/09/2019,214.5472068,220.4685405,222.9280727,212.2803286
ETH,22/09/2019,215.6904162,214.5594236,221.3215019,213.6352797
ETH,23/09/2019,210.6311029,215.6898086,216.427473,206.2164186
ETH,24/09/2019,201.7345164,210.6311884,211.9376629,198.7209499
ETH,25/09/2019,168.9992628,201.7106798,202.79481,153.5773183
ETH,26/09/2019,169.9438202,166.4584065,175.2361698,162.3989671
ETH,27/09/2019,166.6986944,169.9462635,170.9986839,152.792275
ETH,28/09/2019,172.7389316,166.70021,177.1355995,161.3662557
ETH,29/09/2019,172.997552,174.0520062,175.5296415,168.5297637
ETH,30/09/2019,171.0073197,172.9944184,174.62996,164.652282
ETH,01/10/2019,177.9168792,169.4650463,180.7383957,165.5019504
ETH,02/10/2019,176.9313026,181.1987394,185.5531425,173.9327109
ETH,03/10/2019,178.6122629,176.9355936,179.2120178,174.3922359
ETH,04/10/2019,175.1317829,178.6144732,181.4239301,169.9848044
ETH,05/10/2019,176.8658985,175.0228574,179.0944323,171.2040497
ETH,06/10/2019,176.060443,176.8619875,176.9344928,172.3521434
ETH,07/10/2019,169.4697137,176.5445171,177.0911151,168.1019019
ETH,08/10/2019,181.4028513,169.4751614,182.5301278,168.6814467
ETH,09/10/2019,180.7891908,181.4028352,184.9466911,177.5541288
ETH,10/10/2019,193.1512327,180.7336277,194.6156621,179.1623635
ETH,11/10/2019,192.1981992,193.1521878,195.708969,187.0135686
ETH,12/10/2019,181.0085295,192.1985798,196.9808386,179.6352639
ETH,13/10/2019,180.79133,181.0120342,184.5822471,177.8028309
ETH,14/10/2019,181.5366658,179.8019772,184.5515804,178.7876886
ETH,15/10/2019,186.1238271,181.5367927,187.5599757,180.4860191
ETH,17/10/2019,174.7540832,180.503123,181.2679391,171.8682058
ETH,18/10/2019,176.3901046,174.7541946,178.9594705,172.7968865
ETH,19/10/2019,173.7500889,176.3914358,177.2022735,168.7672567
ETH,20/10/2019,171.1585128,172.8195486,174.946621,169.9091738
ETH,21/10/2019,174.6693847,171.1615027,176.5968296,169.463679
ETH,22/10/2019,173.7658274,175.1423786,177.6712917,171.8260006
ETH,23/10/2019,171.3018586,173.7639581,175.2730854,170.9862148
ETH,24/10/2019,159.5431046,171.2342547,171.5360965,153.3632515
ETH,25/10/2019,161.0687513,159.5283559,163.7493604,158.9530046
ETH,26/10/2019,179.9804506,160.4766971,187.5246292,160.4378279
ETH,27/10/2019,184.9332869,179.9785938,197.8758978,174.0566951
ETH,28/10/2019,183.9328016,184.9408818,189.8001355,180.7852769
ETH,29/10/2019,192.3885044,181.9923264,192.8824666,181.5986433
ETH,30/10/2019,183.3652158,192.3960443,192.5929549,180.1672521
ETH,31/10/2019,181.5668036,183.3729921,185.2490926,177.950236
ETH,01/11/2019,182.8739795,181.5678529,184.6004073,177.6418123
ETH,02/11/2019,182.853304,183.0484887,185.5946073,181.853086
ETH,03/11/2019,182.2438145,182.8529697,184.823773,179.1527611
ETH,04/11/2019,185.3686817,182.2454399,188.4429224,180.4331644
ETH,05/11/2019,188.8571937,185.9744358,192.2945772,182.6067913
ETH,06/11/2019,191.0586073,188.854812,194.5981295,187.9802997
ETH,07/11/2019,187.0749396,191.0565462,192.1825384,184.5991353
ETH,08/11/2019,184.4694667,186.5114334,188.0422282,180.9812153
ETH,09/11/2019,185.1915992,184.4704385,185.6216232,182.4951389
ETH,10/11/2019,189.7227333,185.1912963,191.3733014,183.2634618
ETH,11/11/2019,185.359517,189.7216905,190.0451627,184.6442022
ETH,12/11/2019,186.3251476,185.3596158,187.105962,182.1945968
ETH,13/11/2019,187.251114,186.3258676,189.296612,185.1390974
ETH,14/11/2019,184.8074617,187.8049832,188.3566913,182.8920147
ETH,15/11/2019,180.724972,184.8075113,186.2298715,176.9691396
ETH,16/11/2019,182.1067434,180.724823,183.2523008,179.1478944
ETH,17/11/2019,184.192142,182.1067435,186.156566,180.0385564
ETH,18/11/2019,178.4221817,183.7882612,183.8701601,174.6960152
ETH,19/11/2019,175.5936935,178.4223412,178.4223412,172.4956582
ETH,20/11/2019,174.7796504,175.6027918,177.2658184,173.3506038
ETH,21/11/2019,160.5179612,174.7790949,175.539895,156.4895342
ETH,22/11/2019,149.5245322,160.8533429,162.5769374,138.0537492
ETH,23/11/2019,152.136245,149.5208628,154.3257126,146.3886015
ETH,24/11/2019,144.315288,152.1385143,152.9254108,141.5578156
ETH,25/11/2019,146.9818122,140.200101,151.5314412,131.792109
ETH,26/11/2019,148.0068818,146.9829431,149.8963394,143.6151984
ETH,27/11/2019,152.957277,148.0063944,155.8367428,140.9610082
ETH,28/11/2019,150.4119794,152.9551449,154.6622731,149.7748854
ETH,29/11/2019,153.6738095,150.4199245,157.5477218,149.3600871
ETH,30/11/2019,151.655424,154.6333548,155.3667353,149.9045477
ETH,01/12/2019,151.5529038,151.656154,152.3992989,145.9724105
ETH,02/12/2019,149.4546547,151.5531083,152.1395962,146.6868256
ETH,03/12/2019,147.8113219,149.0437653,150.0229823,145.8376387
ETH,04/12/2019,145.6033386,147.8090196,152.1782861,143.3107348
ETH,05/12/2019,147.8270036,145.6036024,148.8058075,143.9984884
ETH,06/12/2019,148.6504041,148.0544193,149.519834,145.7474845
ETH,07/12/2019,147.8712516,148.6506468,149.5848528,147.1227833
ETH,08/12/2019,151.4106799,147.8742815,151.845365,146.4545058
ETH,09/12/2019,147.1595339,151.4106263,151.5515995,146.6904023
ETH,10/12/2019,145.797319,147.1614171,148.1517289,143.8551976
ETH,11/12/2019,143.0108044,145.8002271,146.3075411,142.0593823
ETH,12/12/2019,144.5101037,143.2522267,145.8505417,139.2794165
ETH,13/12/2019,144.4855855,144.6912933,145.1629101,142.7873857
ETH,14/12/2019,142.0555393,144.4855283,145.0437269,141.1641794
ETH,15/12/2019,142.6819305,142.0554434,143.9031342,139.8372896
ETH,16/12/2019,132.3435787,142.6814884,142.6818732,129.255671
ETH,17/12/2019,120.8798162,132.3441022,132.7613215,120.4019446
ETH,18/12/2019,133.8778331,120.8795882,134.2879357,116.2571391
ETH,19/12/2019,127.2736814,132.9349405,133.9879328,125.7528612
ETH,20/12/2019,127.3752755,127.2735675,128.5234325,125.8308868
ETH,21/12/2019,129.8708364,127.6401609,130.2112714,126.6059017
ETH,22/12/2019,128.9106173,129.8707266,131.4355915,126.588108
ETH,23/12/2019,125.0138244,128.9104738,131.6841222,123.9703665
ETH,24/12/2019,128.0056504,125.0129591,128.3185995,124.0074716
ETH,25/12/2019,125.3335416,128.0088701,128.1732248,123.2950005
ETH,26/12/2019,125.2582993,125.3333204,132.067008,123.3816559
ETH,27/12/2019,126.1492139,125.2563448,126.6638832,122.1867208
ETH,28/12/2019,128.0111453,126.1493765,129.3741249,125.7484878
ETH,29/12/2019,134.768035,128.0113804,137.8062787,127.2727017
ETH,30/12/2019,132.0730737,134.279097,136.0115699,130.0177846
ETH,31/12/2019,128.7226035,132.1265273,133.4051841,127.8465766
ETH,01/01/2020,129.8873633,128.7216212,132.6791743,128.2703839
ETH,02/01/2020,127.0556009,129.8863431,130.6324407,126.1302469
ETH,03/01/2020,132.9708332,127.0556009,134.6841516,125.4814194
ETH,04/01/2020,133.8206207,132.9703017,135.5848146,132.3263511
ETH,05/01/2020,134.8342522,133.8167911,138.195358,133.543008
ETH,06/01/2020,143.1316009,135.2739362,143.531238,134.7410752
ETH,07/01/2020,142.133414,143.1324736,145.3194577,138.9961843
ETH,08/01/2020,140.3393937,142.1874732,147.8878586,137.0702812
ETH,09/01/2020,137.494999,140.510254,141.3850517,135.4280274
ETH,10/01/2020,142.8347834,137.49557,145.1033113,135.274729
ETH,11/01/2020,143.0715916,144.8464765,147.8492529,142.0189514
ETH,12/01/2020,145.2809937,143.0715231,145.7229897,141.7851073
ETH,13/01/2020,143.936917,145.3010869,146.9424926,142.1317502
ETH,14/01/2020,163.8546315,143.5929432,170.7564252,143.5882636
ETH,15/01/2020,166.5383399,163.8406104,171.6563009,158.8671805
ETH,16/01/2020,163.9372081,166.3027404,167.2172214,158.1935887
ETH,17/01/2020,171.5889768,163.937012,174.0779173,161.99306
ETH,18/01/2020,176.700434,171.5958832,179.1611163,164.985758
ETH,19/01/2020,166.0633101,176.657885,177.8974234,161.6662374
ETH,20/01/2020,167.5725368,166.0631809,169.2062999,161.0670262
ETH,21/01/2020,169.0544916,167.373634,169.9529092,164.1286409
ETH,22/01/2020,167.1518345,169.0544205,171.1612132,165.6820816
ETH,23/01/2020,162.6714167,167.1518146,167.8245546,158.8187964
ETH,24/01/2020,162.8065224,162.3679149,164.2163654,155.2544171
ETH,25/01/2020,160.9178681,162.8065025,163.7269775,157.3198028
ETH,26/01/2020,166.7218659,160.9179032,167.5504987,159.1773129
ETH,27/01/2020,169.8001126,166.7228033,171.7815363,164.9161589
ETH,28/01/2020,173.5481484,169.801455,174.2348638,169.501864
ETH,29/01/2020,175.4603221,173.5175971,178.2467887,173.0267159
ETH,30/01/2020,186.2620414,173.5603847,186.3123396,170.5479945
ETH,31/01/2020,181.7284342,186.3285604,186.6111016,175.0291985
ETH,01/02/2020,182.7739889,181.7283382,184.0332785,179.0145943
ETH,02/02/2020,189.3125531,183.4823208,193.2911004,178.9859952
ETH,03/02/2020,189.2575929,189.3134157,195.08972,186.5603487
ETH,04/02/2020,188.6750822,189.6130188,191.340966,184.3270488
ETH,05/02/2020,204.5305348,188.6684409,207.4707776,187.6323374
ETH,06/02/2020,211.2924866,203.5375203,216.1313985,201.0790494
ETH,07/02/2020,221.8331394,211.2919393,224.4646953,210.8638617
ETH,08/02/2020,224.0294272,221.8323626,227.6191842,213.2555276
ETH,09/02/2020,228.044309,223.3181345,230.8103672,223.1313498
ETH,10/02/2020,223.3196378,228.0450894,229.5480393,216.4743145
ETH,11/02/2020,237.8783455,222.9542937,239.6841923,218.1670884
ETH,12/02/2020,268.3962677,237.8861993,275.4723672,236.4062899
ETH,13/02/2020,266.2518149,268.3807601,277.9827305,255.7409068
ETH,14/02/2020,284.0004909,268.5806049,285.4471774,260.3258231
ETH,15/02/2020,267.3531863,283.9993078,289.0017948,261.3504166
ETH,16/02/2020,255.3551842,267.3499374,273.9227614,234.4556604
ETH,17/02/2020,261.1372307,259.3453376,263.2025109,242.5995295
ETH,18/02/2020,281.3812072,261.1376118,286.3718583,259.532188
ETH,19/02/2020,265.1448245,281.4042932,286.7519742,251.6772125
ETH,20/02/2020,259.7141345,258.8474449,264.2184464,246.1780145
ETH,21/02/2020,263.949385,259.7110004,268.6092346,254.0968942
ETH,22/02/2020,262.5732338,265.6881601,267.2730735,256.736652
ETH,23/02/2020,272.8428067,262.5691731,275.3366176,261.2756993
ETH,24/02/2020,263.8974852,272.8473478,277.708362,257.0230483
ETH,25/02/2020,251.9396762,263.8960707,267.006149,244.3759791
ETH,26/02/2020,225.6910701,251.9397915,251.9807182,215.5426206
ETH,27/02/2020,228.5854083,223.8823233,238.428281,210.1001735
ETH,28/02/2020,229.7854128,227.62721,234.7948751,214.4878151
ETH,29/02/2020,223.499288,229.7860462,233.2691992,221.4456151
ETH,01/03/2020,218.777736,223.4992679,227.776085,212.1268018
ETH,02/03/2020,230.812952,218.7768834,234.1852626,215.8928095
ETH,03/03/2020,224.6566351,232.0343099,232.6650573,219.9493612
ETH,04/03/2020,223.5277347,224.6562559,229.047914,220.4809358
ETH,05/03/2020,229.4143467,223.5285236,234.2592546,223.5260538
ETH,06/03/2020,240.4900817,228.936579,241.8133381,227.9712266
ETH,07/03/2020,240.5548524,240.5176726,252.5990377,236.6120714
ETH,08/03/2020,204.4108196,240.574393,240.6522949,203.5604328
ETH,09/03/2020,198.9773509,204.409597,209.7067018,189.822892
ETH,10/03/2020,203.1258772,203.1224284,206.417134,195.9137127
ETH,11/03/2020,194.427784,203.1277748,203.1525263,181.7249688
ETH,12/03/2020,127.2928962,194.4190714,195.634896,125.398911
ETH,13/03/2020,134.8210288,127.2961436,142.7696371,89.12203565
ETH,14/03/2020,124.9746147,134.8209002,138.6602973,123.520234
ETH,15/03/2020,123.7851093,124.9783659,140.1188475,120.3637021
ETH,16/03/2020,107.8983448,123.7056714,125.3449192,101.1181962
ETH,17/03/2020,118.3424036,107.9063585,120.9954965,107.5406348
ETH,18/03/2020,116.6065978,118.3389189,119.0685754,110.7148692
ETH,19/03/2020,140.8145457,116.5963987,143.5123452,115.9858314
ETH,20/03/2020,131.753158,140.8218465,153.1439814,116.6076331
ETH,21/03/2020,133.0816861,131.7649583,137.8092859,126.0691948
ETH,22/03/2020,123.2739472,133.0569759,137.6053555,122.3096235
ETH,23/03/2020,133.5701414,122.4791515,137.8896112,119.7426464
ETH,24/03/2020,140.1136999,133.5755786,144.3268148,133.0782176
ETH,25/03/2020,136.2496619,140.1092094,142.7179379,133.2704226
ETH,26/03/2020,136.6194963,136.3739676,139.0568576,133.7024401
ETH,27/03/2020,137.3184524,136.6185794,141.8027138,134.9075113
ETH,28/03/2020,131.2719317,137.3174606,137.3480397,125.3914771
ETH,30/03/2020,125.7283385,131.2752903,132.1039718,124.0249907
ETH,31/03/2020,133.7604753,124.4850282,135.4305768,124.1211868
ETH,01/04/2020,133.8929306,133.7498004,135.284805,130.6133359
ETH,02/04/2020,133.6525611,133.9133316,134.9038179,128.9923833
ETH,03/04/2020,142.5059265,133.6531152,149.9255286,133.5361133
ETH,04/04/2020,141.9206657,141.4470883,146.9356898,137.1831309
ETH,05/04/2020,144.1399041,141.9150412,146.5603123,139.0690013
ETH,06/04/2020,143.4993181,144.442955,145.9355568,140.8570066
ETH,07/04/2020,165.9462414,143.5003603,167.6462617,142.7616908
ETH,08/04/2020,166.4521496,165.9313097,176.4758147,162.493916
ETH,09/04/2020,172.8180919,166.4529168,174.5494637,163.2432187
ETH,10/04/2020,170.898714,172.8060053,173.7712735,165.6592749
ETH,11/04/2020,158.3075978,170.8986142,171.0957701,152.6164802
ETH,12/04/2020,158.010143,158.1338529,161.5064601,154.1694609
ETH,13/04/2020,162.023023,158.0070095,165.478978,155.3892855
ETH,14/04/2020,158.3185448,162.0230237,162.643682,150.21396
ETH,15/04/2020,159.7720237,158.1904744,162.2260863,155.7097622
ETH,16/04/2020,155.7292613,159.7696344,161.4999132,155.4397948
ETH,17/04/2020,174.0709972,153.0130095,174.5424392,148.6120062
ETH,18/04/2020,170.4157421,174.0950675,174.9407825,168.4524385
ETH,19/04/2020,188.1478721,170.4144991,189.7083243,170.4144991
ETH,20/04/2020,182.8541797,188.0228371,189.675142,176.580222
ETH,21/04/2020,171.3567484,182.8504561,186.6824072,167.0758818
ETH,22/04/2020,173.0543256,171.3555135,174.8467838,168.6138452
ETH,23/04/2020,182.209944,173.0531735,184.236789,170.1791848
ETH,24/04/2020,189.041151,182.2104001,193.4271814,178.3381224
ETH,25/04/2020,186.7921766,187.838387,189.9548662,184.960926
ETH,26/04/2020,193.6154222,186.7922836,198.1591868,186.0531399
ETH,27/04/2020,195.0902575,193.6142324,199.9994175,192.6599519
ETH,28/04/2020,197.025236,195.0914234,199.2723365,190.2449037
ETH,29/04/2020,197.3102249,196.8082326,198.0333933,192.6974719
ETH,30/04/2020,215.2002836,197.3100658,219.33709,196.7336124
ETH,01/05/2020,210.6202342,215.1289574,227.4632501,202.2787788
ETH,02/05/2020,212.3596702,210.622782,217.5523223,205.4940718
ETH,03/05/2020,214.7327164,212.3608688,215.8868401,210.7981641
ETH,04/05/2020,210.1867624,214.4688667,219.8058107,205.705298
ETH,05/05/2020,207.6209439,210.1831644,210.7856384,195.3044077
ETH,06/05/2020,205.0922163,207.6194602,211.8736692,201.4883897
ETH,07/05/2020,206.1612678,205.5914139,211.0983499,202.2826852
ETH,08/05/2020,212.9707684,206.161441,215.2475412,197.2693053
ETH,09/05/2020,213.6120028,212.974068,216.7245477,207.3486379
ETH,10/05/2020,211.3727352,213.620015,215.3336101,209.1647938
ETH,11/05/2020,188.6446608,211.3656223,212.111205,180.8481711
ETH,12/05/2020,186.0147755,187.7541426,193.7202067,176.492906
ETH,13/05/2020,189.8181868,186.0055493,192.3451121,183.969672
ETH,14/05/2020,199.4712477,190.0451615,201.2871008,188.7042577
ETH,15/05/2020,203.7694208,199.4691313,206.1465775,196.0343207
ETH,16/05/2020,196.1392799,203.2278953,204.0782404,191.7253123
ETH,17/05/2020,201.4660091,196.13561,203.2352094,193.2292919
ETH,18/05/2020,207.4047794,201.4678381,209.7419404,199.7142983
ETH,19/05/2020,214.5257268,206.9589774,216.725454,206.9555382
ETH,20/05/2020,213.6812562,214.5154875,216.0656567,209.3485393
ETH,21/05/2020,209.853671,213.6803599,215.4787237,206.0796064
ETH,22/05/2020,200.2877989,209.850213,211.5762202,191.555032
ETH,23/05/2020,208.0416961,200.2859745,209.1385279,196.2872487
ETH,24/05/2020,207.6257023,208.0324657,211.268949,204.8650979
ETH,25/05/2020,206.4529748,207.6066018,210.5720354,201.8227721
ETH,26/05/2020,204.0382217,206.4468955,206.4837506,198.10427
ETH,27/05/2020,201.2088663,204.0379521,205.0093603,197.0367908
ETH,28/05/2020,206.1006556,201.2088663,207.9944507,200.5210606
ETH,29/05/2020,216.5178744,206.098545,216.7993318,202.1671567
ETH,30/05/2020,220.5019166,216.5247351,224.640221,216.2318115
ETH,31/05/2020,243.6303481,220.8556353,246.8044661,218.8650761
ETH,01/06/2020,231.2504176,243.6270585,245.2636688,229.7878561
ETH,02/06/2020,250.0599161,231.2100602,250.7284855,230.6284228
ETH,03/06/2020,237.3090653,250.0726041,253.1478783,226.2937338
ETH,04/06/2020,244.5193628,237.3095509,245.0051614,233.6978643
ETH,05/06/2020,243.4132804,244.541667,246.5683122,236.42872
ETH,06/06/2020,240.7663786,243.4205048,248.0077121,239.3617533
ETH,07/06/2020,242.3213963,240.7523324,244.671703,238.0540543
ETH,08/06/2020,243.8256551,242.321394,245.2421559,235.006135
ETH,09/06/2020,247.0407956,243.8256908,247.231798,241.0991913
ETH,10/06/2020,244.5428507,247.046866,249.717911,239.4275736
ETH,11/06/2020,247.4454296,244.5875967,250.0458472,242.4295597
ETH,12/06/2020,230.5056339,247.444628,250.0579673,226.1818994
ETH,13/06/2020,237.2197469,230.522055,239.4740359,228.2728449
ETH,14/06/2020,238.2201401,237.2259908,238.7501715,234.6350409
ETH,15/06/2020,232.6132805,238.2201401,238.5668448,229.9142633
ETH,16/06/2020,231.2550027,232.6115652,233.4718072,218.2724277
ETH,17/06/2020,234.750921,231.2543429,236.0721564,228.898786
ETH,18/06/2020,234.031026,234.7544505,237.1685502,227.6893279
ETH,19/06/2020,231.8059383,234.0394745,234.4131059,227.7414772
ETH,20/06/2020,228.8903068,231.8061482,231.9706213,226.596529
ETH,21/06/2020,228.7451599,228.877288,230.657144,225.8520173
ETH,22/06/2020,227.6154757,228.7389242,231.2319379,227.0479573
ETH,23/06/2020,243.228194,227.6089253,246.7635913,227.3859651
ETH,24/06/2020,242.9270899,243.2114217,245.0346188,241.0668468
ETH,25/06/2020,235.1756536,242.9270899,249.1445582,231.0995675
ETH,26/06/2020,232.5691464,235.1886593,235.3297724,227.420805
ETH,27/06/2020,229.9450698,232.5696027,233.3176592,227.7160537
ETH,28/06/2020,221.4079024,229.9394929,231.2253373,216.2631715
ETH,29/06/2020,224.1848295,221.4086713,227.8040995,218.1223887
ETH,30/06/2020,228.333342,224.1895354,229.8553496,221.2218593
ETH,01/07/2020,225.9467951,228.3333292,228.6460042,222.9864634
ETH,02/07/2020,230.7048875,225.6863921,232.7431176,224.3149086
ETH,03/07/2020,226.722979,231.1948376,232.1479267,223.176159
ETH,04/07/2020,226.3593386,226.6998415,228.2929204,225.691541
ETH,05/07/2020,228.807199,225.1198566,230.5455782,224.6385924
ETH,06/07/2020,227.0958438,229.3091238,229.9518913,223.4640132
ETH,07/07/2020,238.929701,227.7624211,240.9430667,227.1229375
ETH,08/07/2020,238.4339891,241.681695,243.6876559,234.998909
ETH,09/07/2020,248.2818793,239.5282277,249.1250615,238.0663647
ETH,10/07/2020,241.7872199,247.2208495,247.7393652,238.0688272
ETH,11/07/2020,240.1467527,242.0808796,242.268832,235.9863512
ETH,12/07/2020,238.9943355,241.3130855,241.7917445,237.9151047
ETH,13/07/2020,240.2236659,239.4193573,244.0770265,236.8386735
ETH,14/07/2020,239.3273162,243.0083434,245.3246083,237.5843573
ETH,15/07/2020,240.8414253,239.5313593,242.1452837,237.0269582
ETH,16/07/2020,238.4254491,240.5938875,241.4743467,236.7810485
ETH,17/07/2020,233.0853182,238.4149784,239.2174145,230.243223
ETH,18/07/2020,232.897595,233.5424064,234.599282,231.7124909
ETH,19/07/2020,235.7401242,232.7958737,237.0574449,232.4669596
ETH,20/07/2020,237.7425541,236.0131451,238.1493904,233.5973431
ETH,21/07/2020,236.0678442,239.1809758,239.8136688,234.3968832
ETH,22/07/2020,245.2152675,236.1469913,247.0502209,235.7492583
ETH,23/07/2020,264.0682845,245.8905627,269.0305096,242.1903048
ETH,24/07/2020,275.8085217,264.2264986,280.6860003,262.2727266
ETH,25/07/2020,282.0835889,275.7213121,287.6346626,268.6070505
ETH,26/07/2020,305.6981196,279.712563,307.6532121,279.6943665
ETH,27/07/2020,312.1649089,305.7557999,318.85695,300.5163329
ETH,28/07/2020,329.6317211,311.239386,333.5037646,311.2257033
ETH,29/07/2020,317.150009,322.285902,327.1706726,306.2290008
ETH,30/07/2020,322.5821788,317.3983329,325.4884543,312.9461628
ETH,31/07/2020,336.2069898,318.3178663,342.2068666,314.8993059
ETH,01/08/2020,346.0277183,335.2509921,349.8262235,329.2374485
ETH,02/08/2020,385.3971442,346.8799145,393.4227808,343.7725391
ETH,03/08/2020,376.7304078,387.6319772,415.713767,329.7443178
ETH,04/08/2020,389.0088526,372.3310989,398.1827005,367.3870427
ETH,05/08/2020,391.4719188,386.384165,401.1792017,381.6972368
ETH,06/08/2020,398.7823156,389.7739842,407.3695249,384.5096976
ETH,07/08/2020,395.0946703,401.1942825,403.8119093,392.8564488
ETH,08/08/2020,382.7311752,395.3629341,398.7223771,364.6081633
ETH,09/08/2020,390.8088262,379.8457064,393.4506926,376.5714584
ETH,10/08/2020,388.3353163,397.2580928,400.2300285,384.4175907
ETH,11/08/2020,395.3996937,390.5045777,399.8476917,386.0717887
ETH,12/08/2020,375.7376316,395.9138297,398.1078858,367.4094423
ETH,13/08/2020,385.6144268,379.2203395,389.674361,366.3961225
ETH,14/08/2020,426.5197718,387.3415774,431.5745452,377.3046128
ETH,15/08/2020,439.4651312,424.8810453,444.6363675,418.1696471
ETH,16/08/2020,432.5808731,438.9316946,443.1990258,428.5819232
ETH,17/08/2020,432.9948223,432.6224966,437.2198304,413.3227681
ETH,18/08/2020,439.1354267,433.8204975,446.4511176,420.8027613
ETH,19/08/2020,426.6580776,431.3676955,434.2467909,415.1707999
ETH,20/08/2020,406.7773731,422.4002749,427.003935,394.28278
ETH,21/08/2020,414.8923131,407.9056876,419.598616,403.0389145
ETH,22/08/2020,392.9193709,416.3277043,419.0840095,386.3046532
ETH,23/08/2020,393.7887017,388.2547095,395.3278974,380.3753116
ETH,24/08/2020,392.2001782,395.7003591,397.277868,384.0666779
ETH,25/08/2020,406.0046386,391.0885828,408.826715,388.002942
ETH,26/08/2020,383.7475334,408.0597612,409.2408014,370.4092629
ETH,27/08/2020,386.4422056,383.4401407,393.4236725,378.0925845
ETH,28/08/2020,381.5294807,385.9954626,397.3093057,372.4341466
ETH,29/08/2020,391.9147664,383.6367345,398.0637661,380.2925821
ETH,30/08/2020,402.903116,395.6468276,406.0306686,392.6472847
ETH,31/08/2020,423.0770923,399.089844,428.0834931,398.8473637
ETH,01/09/2020,435.2801715,429.0059962,439.3442035,419.2185815
ETH,02/09/2020,480.5552222,434.1475041,488.8938492,429.8748399
ETH,03/09/2020,441.8792973,475.4143649,481.3955001,421.8353336
ETH,04/09/2020,399.5571541,440.3346759,451.0626436,392.6973369
ETH,05/09/2020,391.8715285,382.5405619,401.1209306,372.7130798
ETH,06/09/2020,329.0848012,386.0594303,394.8616499,312.1050554
ETH,07/09/2020,349.4605532,335.4103155,359.457217,317.2366651
ETH,08/09/2020,354.3037632,353.0927521,357.5864909,325.1598125
ETH,09/09/2020,334.0254168,353.7657006,356.7595736,326.0584828
ETH,10/09/2020,354.5133293,337.6975034,359.3516322,331.0640467
ETH,11/09/2020,367.1263141,351.2086793,377.2493001,350.5790159
ETH,12/09/2020,374.2875959,368.2165021,375.4540416,356.1667705
ETH,13/09/2020,383.9274938,374.100064,387.117806,365.5623093
ETH,14/09/2020,364.5362188,388.0735383,390.2242989,354.0953335
ETH,15/09/2020,373.5045266,366.5649239,384.7086626,357.9141114
ETH,16/09/2020,365.8433246,377.4456462,382.0639934,362.7307765
ETH,17/09/2020,367.4346465,364.3129884,373.7356222,355.5369465
ETH,18/09/2020,389.3184008,365.5061959,394.22243,363.8658285
ETH,19/09/2020,382.9262672,389.5977603,392.6615704,376.0762711
ETH,20/09/2020,384.250568,384.6413321,388.5075904,377.5894374
ETH,21/09/2020,367.3231537,385.3986062,385.5320543,365.4523378
ETH,22/09/2020,347.5680273,371.1952363,376.3668207,331.8381435
ETH,23/09/2020,345.1418278,340.4567098,346.8119139,336.0199242
ETH,24/09/2020,322.3349075,344.3569919,344.9397138,320.3396715
ETH,25/09/2020,348.9888399,320.5545125,350.7891132,316.914302
ETH,26/09/2020,354.7818319,348.9933377,357.9465076,338.3690653
ETH,27/09/2020,354.0452726,352.0351312,356.1357381,346.3049388
ETH,28/09/2020,354.9380677,354.12112,362.1249606,347.3860775
ETH,29/09/2020,361.7481129,357.5575087,368.038535,355.1668874
ETH,30/09/2020,357.3310058,353.8336714,359.5173127,350.5193815
ETH,01/10/2020,358.7399607,359.8496346,360.0293784,351.6408429
ETH,02/10/2020,352.0332682,359.8348107,369.7003048,345.8640898
ETH,03/10/2020,345.3998476,353.1722269,354.5845005,334.607993
ETH,04/10/2020,347.1718313,345.8401301,351.345358,344.0512502
ETH,05/10/2020,351.640032,346.483816,354.4595269,344.5204438
ETH,06/10/2020,352.6185941,352.4946649,355.9014498,348.9764401
ETH,07/10/2020,340.348183,353.6726253,355.0497407,337.3175474
ETH,08/10/2020,339.3783145,340.7065979,342.841434,333.3949184
ETH,09/10/2020,350.9546298,341.6884015,353.4101596,334.5350818
ETH,10/10/2020,364.3294015,351.1428032,366.4276936,347.878623
ETH,11/10/2020,374.6844229,365.3534708,378.3953624,365.0738754
ETH,12/10/2020,372.7678334,370.5332403,377.271489,369.3970745
ETH,13/10/2020,393.107199,374.283097,395.1461646,366.030248
ETH,14/10/2020,381.6256169,386.6361779,387.5646789,375.468445
ETH,15/10/2020,376.4695237,381.4181659,387.6164691,373.7857645
ETH,16/10/2020,378.2395134,379.2418372,381.6665177,370.4875966
ETH,17/10/2020,367.1522803,377.9188744,379.8437954,361.8544787
ETH,18/10/2020,368.2368439,365.8071694,370.5878406,363.8392702
ETH,19/10/2020,376.5122025,368.5987227,377.0441173,367.5809454
ETH,20/10/2020,379.6604737,378.5203219,384.3827696,373.1047004
ETH,21/10/2020,368.8607246,379.3842503,380.2004581,365.7933894
ETH,22/10/2020,398.0277214,368.7926553,399.2807238,368.116578
ETH,23/10/2020,417.6331816,390.9355572,421.0802338,390.8096161
ETH,24/10/2020,408.242839,414.3409245,419.4431614,401.7775637
ETH,25/10/2020,405.3954329,409.3147394,417.2895028,403.5020606
ETH,26/10/2020,391.4164093,406.1713381,411.2792301,382.9156954
ETH,27/10/2020,404.4218332,393.1437711,410.237475,390.3860088
ETH,28/10/2020,388.1564436,403.7494182,408.8584848,380.8121697
ETH,29/10/2020,386.0911828,388.5708362,394.2767963,381.3309515
ETH,30/10/2020,383.6848623,387.3930168,391.9973778,373.9042011
ETH,31/10/2020,388.4387981,382.9710577,394.0118599,380.8602152
ETH,01/11/2020,395.9961822,387.0036019,397.9808039,385.3427554
